{
  "manifest": {
    "publishingInformation": {
      "locales": {
        "pt-BR": {
          "summary": "Teste de Skill",
          "examplePhrases": [
            "Oi meu Equinox",
            "Como conectar o bluetooth",
            "Alguma oferta para o meu carro?"
          ],
          "keywords": [],
          "name": "Skill MRM",
          "description": "Teste de skill Rodrigo Telles",
          "smallIconUri": "file://assets/images/pt-BR_smallIconUri.png",
          "largeIconUri": "file://assets/images/pt-BR_largeIconUri.png"
        }
      },
      "automaticDistribution": {
        "sourceLocaleForLanguages": [
          {
            "sourceLocale": "pt-BR",
            "language": "pt"
          }
        ],
        "isActive": true
      },
      "isAvailableWorldwide": true,
      "testingInstructions": "Sample Testing Instructions.",
      "category": "CONNECTED_CAR",
      "distributionMode": "PUBLIC",
      "distributionCountries": []
    },
    "apis": {
      "custom": {
        "endpoint": {
          "uri": "arn:aws:lambda:us-east-1:614982781924:function:15144061-e133-4d19-bf03-aaf4b581c5fd:Release_0"
        },
        "interfaces": [],
        "regions": {
          "EU": {
            "endpoint": {
              "uri": "arn:aws:lambda:eu-west-1:614982781924:function:15144061-e133-4d19-bf03-aaf4b581c5fd:Release_0"
            }
          },
          "NA": {
            "endpoint": {
              "uri": "arn:aws:lambda:us-east-1:614982781924:function:15144061-e133-4d19-bf03-aaf4b581c5fd:Release_0"
            }
          },
          "FE": {
            "endpoint": {
              "uri": "arn:aws:lambda:us-west-2:614982781924:function:15144061-e133-4d19-bf03-aaf4b581c5fd:Release_0"
            }
          }
        }
      }
    },
    "manifestVersion": "1.0",
    "privacyAndCompliance": {
      "allowsPurchases": false,
      "locales": {
        "pt-BR": {}
      },
      "containsAds": false,
      "isExportCompliant": true,
      "isChildDirected": false,
      "shoppingKit": {
        "isShoppingActionsEnabled": false
      },
      "usesPersonalInfo": false
    }
  }
}